id,good,brand
0,,
1,торт,
2,смеситель,
3,лимон,
4,коньяк,
5,,
6,рис,
7,труба,
8,грандорф,
9,1),
10,аромапалочки,
11,,
12,,
13,крем-гель,
14,,
15,,
16,,
17,,
18,чипсы,
19,2,
20,,
21,печенье,
22,майонез,
23,штукатурка,
24,,
25,корм,
26,саморез,
27,томаты,
28,саморез,
29,,
30,держатель,
31,14,
32,джинсы,
33,,
34,винт,
35,сок,
36,-,
37,серьги,
38,пельмени,
39,,
40,техническая,
41,фильтр,
42,,
43,жигулёвское,
44,платье,
45,футболка,
46,,
47,антенна,
48,болт,
49,,
50,болт,
51,коврик,
52,пиво,
53,,
54,пенал,
55,,
56,1,
57,шоколад,
58,молоко,
59,,
60,берет,
61,и,
62,,
63,,
64,,
65,набор,
66,болт,
67,,
68,туфли,
69,ассорти,
70,молоко,
71,"2),футболка",
72,арахис,
73,пленка,
74,арахис,
75,,
76,лимонад,
77,,
78,-,
79,опора,
80,молоко,
81,конфеты,
82,,
83,напиток,
84,соус,
85,карандаш_061960,
86,,
87,масса,
88,носки,
89,перец,
90,1,
91,,
92,шприц,
93,саморез,
94,печенье,
95,прож:,
96,мармелад,
97,аква,
98,вино,
99,саморез,
100,майонез,
101,саморез,
102,пряники,
103,батончик-мюсли,
104,,
105,гель-лак,
106,башкирские,
107,,
108,коржи,
109,крем,
110,перчатки,
111,2),
112,краска,
113,юбка,
114,колбаса,
115,корзина,
116,,
117,герметик,
118,капельный,
119,1.трикотажная,
120,группа,
121,носки,
122,кофе,
123,сайра,
124,маслины,
125,фисташки,
126,крабовые,
127,коврик,
128,болт,
129,удлинитель,
130,соус,
131,попкорн,
132,зефир,
133,,
134,,
135,настойка,
136,,
137,водка,
138,перчатки,
139,конфеты,
140,арахис,
141,винт,
142,,
143,икра,
144,батон,
145,модель,
146,герметик,
147,,
148,аква,
149,хлеб,
150,ушки,
151,,
152,фильтр,
153,7,
154,пластырь,
155,миска,
156,,
157,пакет,
158,творог,
159,3,
160,шампунь,
161,кофе,
162,мор,
163,,
164,сырок,
165,,
166,муфта,
167,line,
168,попкорн,
169,лента,
170,икра,
171,,
172,,
173,футболка,
174,коричневый,
175,трусы,
176,саморез,
177,штаны,
178,"""санта",
179,,
180,фреза,
181,сзмж,
182,держ-ль,
183,фильтр,
184,клубника,
185,1,
186,дюбель,
187,,
188,,
189,шайба,
190,футболка,
191,плитка,
192,говядина,
193,пальто,
194,,
195,,
196,напиток,
197,леденцы,
198,болт,
199,футболка,
200,нектар,
201,альбом,
202,лапша,
203,резинка-браслет,
204,болт,
205,,
206,футорка,
207,неактивные,
208,мыло,
209,крекер,
210,350,
211,,
212,конфеты,
213,ключ,
214,футболка,
215,лампа,
216,,
217,,
218,рожок,
219,лампа,
220,текстильная,
221,,
222,фильтр,
223,батон,
224,дюбель,
225,вафли,
226,водка,
227,водолазка,
228,универсальное,
229,пазл,
230,краска,
231,гель-лак,
232,,
233,5,
234,,
235,/набор,
236,подоконник,
237,джемпер,
238,1/1,
239,тетрадь,
240,муфта,
241,,
242,футболка,
243,футболка,
244,,
245,саморез,
246,сух,
247,тарталетки,
248,батарейка,
249,саморез,
250,футболка,
251,"1),пальто",
252,1/1,
253,квас,
254,кашка,
255,краска,
256,сандалеты,
257,носки,
258,наклейка,
259,,
260,футболка,
261,,
262,,
263,,
264,бзмж,
265,,
266,,
267,контейнер,
268,простоквашино,
269,вода,
270,кладочная,
271,конфеты,
272,сухарики,
273,,
274,соус,
275,!печенье,
276,1/1,
277,стоппроблем,
278,nike,
279,молоток,
280,набор,
281,,
282,семья,
283,стиральный,
284,1,
285,,
286,чист,
287,,
288,пластырь,
289,футболка,
290,сок,
291,союз,
292,,
293,арт.:,
294,коробка,
295,пельмени,
296,чай,
297,плита,
298,лапша,
299,,
300,медаль,
301,конфеты,
302,пакеты,
303,,
304,вырезка,
305,лопата,
306,планинг,
307,лосины,
308,пасха,
309,средство,
310,пена,
311,термоэтикетки,
312,футболка,
313,лента,
314,палочки,
315,пиво,
316,"колпаки,",
317,кастрюля,
318,смесь,
319,ле,
320,[м],
321,лимонад,
322,цвет,
323,ремень,
324,,
325,семечки,
326,футболка,
327,,
328,мацун,
329,дюбель,
330,паприка,
331,,
332,сосиска,
333,водка,
334,настойка,
335,вино,
336,футболка,
337,заглушка,
338,молочко,
339,,
340,пальто,
341,форель,
342,,
343,,
344,,
345,,
346,сетевой,
347,карамель,
348,куртка,
349,1/1,
350,папка,
351,футболка,
352,миксер,
353,скотч,
354,,
355,,
356,,
357,карамель,
358,,
359,бумага,
360,ручка,
361,газ,
362,лампа,
363,,
364,мыло,
365,нектар,
366,пломбир,
367,лимонад,
368,ушки,
369,маркер,
370,болт:,
371,,
372,набор,
373,пласт.,
374,пиво,
375,1,
376,карамель,
377,бур,
378,,
379,болт,
380,лимон,
381,,
382,ремень,
383,творог,
384,,
385,,
386,мини-коврик,
387,красавчик,
388,муфта,
389,соус,
390,набор,
391,шайба,
392,,
393,гель,
394,,
395,футболка,
396,е\пиво,
397,карандаш,
398,кольцо,
399,1.трикотажная,
400,,
401,пена,
402,,
403,сухарики,
404,пакеты,
405,пьядина,
406,футболка,
407,набор,
408,[м],
409,покрышка,
410,мовиль,
411,,
412,,
413,1,
414,3,
415,мягкая,
416,ремень,
417,2,
418,ветровка,
419,уксусная,
420,1/1,
421,хлебцы,
422,пальто,
423,кабель,
424,клюква,
425,юбка,
426,салфетки,
427,футболка,
428,саморез,
429,,
430,1,
431,ватные,
432,носки,
433,молоко,
434,напиток,
435,муфта,
436,,
437,лимонад,
438,ром,
439,бита,
440,панатус,
441,бельгийская,
442,вино,
443,,
444,жвачка,
445,настольное,
446,соединитель,
447,стакан,
448,,
449,средство,
450,мужская,
451,футболка,
452,баринофф,
453,(шампунь,
454,ананасы,
455,,
456,святой,
457,3,
458,фильтр,
459,гребешки,
460,сайлентблок,
461,творог,
462,лепешка,
463,ремень,
464,рис,
465,,
466,l,
467,"2),футболка-поло",
468,шапка,
469,ботинки,
470,1.,
471,боди,
472,лимонад,
473,коврик,
474,носки,
475,сок,
476,джинсы,
477,,
478,футболка,
479,жеват.,
480,бур,
481,,
482,винт,
483,,
484,семечки,
485,герметик,
486,нож,
487,авиабилеты,
488,альбом,
489,свечи,
490,каша,
491,,
492,винт,
493,пиво,
494,саморез,
495,kоробка,
496,воблер,
497,заказ,
498,,
499,муфта,
500,ветровка,
501,-,
502,вода,
503,крафт,
504,2.,
505,лампа,
506,пельмени,
507,фрутоняня,
508,гайка,
509,пломбир,
510,банка,
511,салфетки,
512,жаркое,
513,футболка,
514,крекер,
515,творог,
516,радиатор,
517,,
518,комод,
519,фильтр,
520,,
521,1/1,
522,суп,
523,набор,
524,"2),футболка",
525,\вода,
526,саморез,
527,лампа,
528,вафли,
529,шампунь,
530,пиво,
531,муфта,
532,шейка,
533,жев.резинка,
534,корм,
535,сигареты,
536,покрывало,
537,салф.,
538,плашка,
539,[м],
540,ботинки,
541,,
542,болт,
543,нектар,
544,,
545,,
546,плитка,
547,,
548,поло,
549,,
550,дет.,
551,,
552,,
553,саморезы,
554,пемолюкс,
555,ручка,
556,коробка,
557,код,
558,бумага,
559,,
560,каша,
561,сосна,
562,ботинки,
563,мохито,
564,индикатор,
565,ферпласт,
566,1.,
567,фисташка,
568,леденцы,
569,ластик,
570,,
571,болт,
572,пиво,
573,,
574,водка,
575,биовита,
576,дезодорант-шарик,
577,герметик,
578,кофе,
579,,
580,никоретте,
581,детские,
582,металлопластилин,
583,с/м,
584,морожное,
585,коньяк,
586,,
587,,
588,кофе,
589,,
590,,
591,кольцо,
592,,
593,2,
594,драже,
595,филейка,
596,батон,
597,нат.шерсть,
598,колбаса,
599,шоколад,
600,1,
601,,
602,раскладка,
603,багет,
604,болт,
605,,
606,сифон,
607,метан,
608,батон,
609,,
610,шоколад,
611,биотворог,
612,батончик,
613,,
614,,
615,выключатель,
616,,
617,2),
618,,
619,аква,
620,**карандаш,
621,пастилки,
622,коробка,
623,1,
624,каша,
625,майка,
626,штаны,
627,,
628,2,
629,,
630,,
631,сырок,
632,латте,
633,свежая,
634,,
635,,
636,гренки,
637,,
638,шок.,
639,1,
640,вино,
641,сосиски,
642,скатерть,
643,заглушка,
644,шапка,
645,,
646,колбаса,
647,батончик,
648,морковь,
649,дюбель,
650,минтай,
651,гренки,
652,удобрение,
653,жеват,
654,,
655,пельмени,
656,мыло,
657,,
658,полотно,
659,-,
660,"11,зубная",
661,лампа,
662,лосины,
663,попкорн,
664,футболка/фуфайка,
665,футболка,
666,прокладки,
667,8,
668,генератор,
669,газон,
670,винт,
671,,
672,пенал,
673,,
674,удобрение,
675,ботинки,
676,и,
677,полотно,
678,хамон,
679,заправка,
680,п/ботинки,
681,саморез,
682,чипсы,
683,товары,
684,контейнер,
685,босоножки,
686,,
687,валы,
688,пена,
689,парламент,
690,мороженое,
691,м,
692,original,
693,"1),футболка",
694,картоф.,
695,масло,
696,2),
697,1.,
698,,
699,паста,
700,ренни,
701,0000000,
702,берет,
703,хлебцы,
704,наполнитель,
705,т/бумага,
706,анкер,
707,хлеб,
708,босоножки,
709,набор,
710,говядина,
711,песчаный,
712,аква,
713,балтика,
714,коробка,
715,дезодорант,
716,,
717,ремень,
718,"доктор,печень",
719,сухарики,
720,,
721,майонез,
722,перец,
723,герметик,
724,1,
725,,
726,наушники,
727,сыр,
728,переключатель,
729,колонка,
730,,
731,заказ,
732,5,
733,лоток,
734,,
735,,
736,мороженое,
737,,
738,грунт,
739,круг,
740,,
741,мороженое,
742,23,
743,кепка,
744,"2),футболка",
745,конфеты,
746,корм,
747,сосиска,
748,лея,
749,з/щетка,
750,вода,
751,тарелка,
752,4,
753,,
754,фильтр,
755,хлопья,
756,-,
757,пихта,
758,карамель,
759,,
760,дет.,
761,саморез,
762,кеды,
763,уголок,
764,ботинки,
765,мин.вода,
766,зубная,
767,,
768,ножовка,
769,,
770,3.трикотажная,
771,опора,
772,ушки,
773,лампа,
774,клей,
775,2.трикотажная,
776,для,
777,,
778,папка-конверт,
779,,
780,,
781,коньяк,
782,ронколейкин,
783,любимый,
784,,
785,переходник,
786,клей,
787,леденцы,
788,футболка,
789,батончик-мюсли,
790,,
791,приправа,
792,2,
793,,
794,артрозан,
795,мармелад,
796,500,
797,,
798,джемпер,
799,лимонад,
800,салют,
801,,
802,держатель,
803,,
804,дюбель,
805,риппер,
806,1/1,
807,,
808,,
809,мороженое,
810,натуретто,
811,макароны,
812,краска,
813,жев.,
814,форма,
815,футболка,
816,игрушка,
817,шайба,
818,грудинка,
819,соус,
820,,
821,линза,
822,определение,
823,пластик,
824,,
825,бзмж,
826,стелла,
827,кока-кола,
828,180,
829,мед,
830,решетка,
831,вода,
832,винт,
833,кетчуп,
834,сантиметр,
835,штаны,
836,болт,
837,арахис,
838,чехол,
839,,
840,,
841,"120,набор",
842,заглушка,
843,пленка,
844,professional,
845,линза,
846,,
847,"1),футболка",
848,1/5,
849,пельмени,
850,печенье,
851,,
852,,
853,макароны,
854,газон,
855,брюки,
856,фильтр,
857,саморез,
858,маска,
859,блины,
860,шпилька,
861,колбаса,
862,2.,
863,клеммная,
864,тарелка,
865,зефир,
866,сигареты,
867,майонез,
868,,
869,лимонад,
870,комплект,
871,пивной,
872,морозко,
873,2,
874,фильтр,
875,нектар,
876,,
877,пиджак,
878,буженина,
879,футболка,
880,дюбель,
881,набор,
882,,
883,футболка,
884,,
885,саморез,
886,,
887,,
888,аква,
889,3,
890,холодный,
891,,
892,1.,
893,конфеты,
894,коктейль,
895,эмаль,
896,,
897,,
898,аква,
899,уголок,
900,брюки,
901,протертая,
902,бытовая,
903,удлинитель,
904,саморез,
905,,
906,,
907,молоко,
908,9,
909,багет,
910,,
911,вино,
912,опалубка,
913,сумка,
914,,
915,зефир,
916,снеки,
917,саморез,
918,народный,
919,грузинский,
920,мука,
921,one,
922,бомбер,
923,платье,
924,ботинки,
925,туфли,
926,печенье,
927,2.,
928,ботинки,
929,,
930,,
931,раскраска,
932,патчпанель,
933,ботинки,
934,полуботинки,
935,,
936,набор,
937,жев.,
938,жевательная,
939,1),
940,1,
941,акция,
942,креветка,
943,газ/напиток,
944,говядина,
945,футболка,
946,фреза,
947,,
948,шампунь,
949,молоко,
950,очки,
951,средство,
952,семечки,
953,вода,
954,морс,
955,мята,
956,пропись,
957,ролл,
958,тер),
959,соус,
960,барон,
961,,
962,жигули,
963,магнитный,
964,бон,
965,,
966,винт,
967,сарафан,
968,коломенская,
969,ремень,
970,матрас,
971,колодка,
972,саморез,
973,вино,
974,1,
975,грунт,
976,,
977,,
978,капа,
979,ремень,
980,зефир,
981,футболка,
982,,
983,сок,
984,виски,
985,,
986,печенье,
987,,
988,морож,
989,соуса,
990,молоко,
991,,
992,болт,
993,"0,52",
994,болт,
995,сахар,
996,бавария,
997,бзмж,
998,футболка,
999,футболка,
1000,"треска,240г",
1001,водка,
1002,,
1003,шпатлевка,
1004,колготки,
1005,фисташка,
1006,футболка,
1007,приспособление,
1008,,
1009,,
1010,фасоль,
1011,,
1012,трос,
1013,,
1014,10,
1015,,
1016,фильтр,
1017,метан,
1018,футболка,
1019,саморез,
1020,шоколад,
1021,кляймер,
1022,бинт,
1023,каша,
1024,футболка(поло),
1025,,
1026,тетрадь,
1027,сковорода,
1028,1кг,
1029,,
1030,кольцо,
1031,муфта,
1032,джинсы,
1033,,
1034,пивной,
1035,,
1036,кофе,
1037,тетрадь,
1038,бисер,
1039,пирог,
1040,батончик,
1041,форма,
1042,12),
1043,фумлента,
1044,карандаши,
1045,футболка,
1046,печенье,
1047,шпатлевка,
1048,ботинки,
1049,адаптер,
1050,фуфайка,
1051,лампочки,
1052,майонез,
1053,селедочка,
1054,сыр,
1055,ботинки,
1056,наклейки,
1057,вагонка,
1058,шапка,
1059,туфли,
1060,пиво,
1061,"2),футболка",
1062,багет,
1063,пластырь,
1064,карам,
1065,ремень,
1066,йогурт,
1067,магнитола,
1068,1.,
1069,драже,
1070,,
1071,держатель,
1072,"2),сумка",
1073,лосины,
1074,контейнер,
1075,масло,
1076,картофельное,
1077,лосины,
1078,5,
1079,,
1080,вода,
1081,французский,
1082,,
1083,маркер,
1084,сливки,
1085,,
1086,,
1087,батон,
1088,футболка,
1089,,
1090,луковые,
1091,2.тканые,
1092,набор,
1093,краска,
1094,лимонад,
1095,коробка,
1096,15),
1097,вода,
1098,напиток,
1099,2,
1100,"1),футболка",
1101,,
1102,,
1103,21,
1104,куриная,
1105,датчики,
1106,,
1107,,
1108,футболка,
1109,1.,
1110,корм,
1111,,
1112,бидон,
1113,майка,
1114,,
1115,пирожное,
1116,арт.,
1117,рамка,
1118,масло,
1119,замок,
1120,пальто,
1121,,
1122,полироль,
1123,кармолис,
1124,дюбель,
1125,пенал,
1126,,
1127,пирожное,
1128,батарейки,
1129,кран,
1130,липкий,
1131,,
1132,футболка,
1133,,
1134,клей,
1135,100.00,
1136,,
1137,сухарики,
1138,4,
1139,соус,
1140,гель,
1141,,
1142,зефир,
1143,"1),ремень",
1144,2.тканые,
1145,футболка,
1146,си,
1147,050008.розетка,
1148,,
1149,kраска,
1150,авт.,
1151,,
1152,антифриз,
1153,набор,
1154,футболка;,
1155,сухарики,
1156,снеки,
1157,3,
1158,воск,
1159,,
1160,пельмени,
1161,багет,
1162,водка,
1163,1,
1164,монастырская,
1165,термопленка,
1166,колбаса,
1167,сосиски,
1168,макаронные,
1169,болт,
1170,тампоны,
1171,браслет,
1172,nike,
1173,,
1174,,
1175,шпилька,
1176,крупа,
1177,пирож,
1178,массa,
1179,стул,
1180,д/кошек,
1181,латте,
1182,шапка,
1183,24,
1184,чай,
1185,сосиски,
1186,,
1187,туфли,
1188,3,
1189,1.,
1190,блуза,
1191,,
1192,,
1193,мохито,
1194,лимонад,
1195,пакеты,
1196,комплекс,
1197,ручка,
1198,маслины,
1199,зефир,
1200,напиток,
1201,шапка,
1202,10988:клейкая,
1203,,
1204,сосиски,
1205,клей,
1206,1,
1207,вырезка,
1208,вода,
1209,,
1210,,
1211,,
1212,пельмени,
1213,чипсы,
1214,майонез,
1215,полотенца,
1216,,
1217,,
1218,изолента,
1219,кальянный,
1220,ручкa,
1221,кастрюля,
1222,пряники,
1223,кондиционер,
1224,скатерть,
1225,50,
1226,мастика,
1227,зефир,
1228,4,
1229,наполнитель,
1230,,
1231,,
1232,газ.,
1233,брюки,
1234,пельмени,
1235,печенье,
1236,подкладки,
1237,герметик,
1238,ключ,
1239,мягкая,
1240,,
1241,,
1242,шоколад,
1243,конструктор,
1244,пиканта,
1245,еженедельник,
1246,ошейник,
1247,шампунь-бальзам,
1248,резинка,
1249,сайлентблок,
1250,томатная,
1251,бзмж,
1252,лапша,
1253,рыбка,
1254,"1),футболка",
1255,,
1256,саморезы,
1257,спирулина,
1258,саморез,
1259,футболка,
1260,баранка,
1261,брус,
1262,джемпер,
1263,торт,
1264,полотенце,
1265,болт,
1266,перчатки,
1267,носки-следки,
1268,процессор,
1269,йогурт,
1270,футболка/фуфайка,
1271,ремень,
1272,носки,
1273,корм,
1274,,
1275,,
1276,болт,
1277,4,
1278,котлеты,
1279,сочный,
1280,календарь,
1281,клей,
1282,винт,
1283,сменная,
1284,пюре,
1285,корм,
1286,печенье,
1287,блуза,
1288,батончик,
1289,,
1290,,
1291,сахар,
1292,пельмени,
1293,3,
1294,,
1295,,
1296,конфета,
1297,портсигар,
1298,кордон,
1299,регистратор,
1300,газ.напиток,
1301,круассан,
1302,,
1303,манжет,
1304,,
1305,,
1306,,
1307,тюль,
1308,пельмени,
1309,грунт,
1310,колб.,
1311,пельмени,
1312,платочки,
1313,5,
1314,держатель,
1315,ботинки,
1316,d,
1317,набор,
1318,воблер,
1319,виски,
1320,зефир,
1321,пюре,
1322,саморез,
1323,шоколад,
1324,ракушки,
1325,ручка,
1326,продукт,
1327,колодки,
1328,,
1329,пропитка,
1330,розетка,
1331,,
1332,розетка,
1333,капкейк,
1334,,
1335,футболка,
1336,,
1337,,
1338,,
1339,лампа,
1340,эмаль,
1341,,
1342,,
1343,роллтон,
1344,скатерть,
1345,,
1346,мыло,
1347,аквалор,
1348,легкое,
1349,лимонад,
1350,(кисть,
1351,чай,
1352,печ.снова,
1353,клеммная,
1354,,
1355,наушники,
1356,лейкопл.,
1357,шорты,
1358,,
1359,,
1360,пивной,
1361,,
1362,мармелад,
1363,паста,
1364,,
1365,набор,
1366,,
1367,масло,
1368,степлер,
1369,форма,
1370,курсовка,
1371,,
1372,,
1373,"2),футболка",
1374,эмаль,
1375,пиво,
1376,кольцо,
1377,кофе,
1378,вода,
1379,пельмени,
1380,,
1381,коляска,
1382,дезодорант,
1383,свитшот,
1384,альбом,
1385,тройник,
1386,хворост,
1387,лампа,
1388,аптечка,
1389,маркер,
1390,хлебцы,
1391,мыло,
1392,шерсть,
1393,кофе,
1394,14,
1395,ручка,
1396,-,
1397,,
1398,,
1399,,
1400,коврик,
1401,коробка,
1402,лосины,
1403,молоко,
1404,приправа,
1405,юбка,
1406,лапша,
1407,набор,
1408,7,
1409,йогурт,
1410,шестерня,
1411,,
1412,[м],
1413,питьевая,
1414,2,
1415,,
1416,,
1417,,
1418,mini,
1419,коктейль,
1420,балтика,
1421,фуфайка,
1422,шоколад,
1423,крем,
1424,шапка,
1425,,
1426,ковш,
1427,штопор,
1428,жимолость,
1429,зажигалка,
1430,выпрямитель,
1431,макаллан,
1432,штаны,
1433,мороженое,
1434,бзмж,
1435,,
1436,сухарики,
1437,ж/д,
1438,корица,
1439,/,
1440,вино,
1441,контуp,
1442,коврик,
1443,[m],
1444,,
1445,батарейки,
1446,,
1447,,
1448,вискас,
1449,семена,
1450,батончик,
1451,футболка,
1452,держатель,
1453,комплект,
1454,майонез,
1455,повязка,
1456,бульмени,
1457,мыло,
1458,сорбет,
1459,смартфон,
1460,соус,
1461,йогурт,
1462,,
1463,,
1464,сыр,
1465,майонез,
1466,преобразователь,
1467,косметичка,
1468,вода,
1469,заглушка,
1470,футорка,
1471,краска,
1472,пряники,
1473,пауланер,
1474,,
1475,торт,
1476,экран,
1477,ботинки,
1478,опора,
1479,авиабилеты,
1480,напиток,
1481,,
1482,прозрачная,
1483,,
1484,,
1485,"1),футболка",
1486,футболка,
1487,подоконник,
1488,патрубок,
1489,бабочка,
1490,саморез,
1491,кабель-канал,
1492,замок,
1493,рулон,
1494,драже,
1495,,
1496,,
1497,сок,
1498,,
1499,ковш,
1500,"""чистая",
1501,болт,
1502,шокол.,
1503,,
1504,,
1505,ободок,
1506,макароны,
1507,суп,
1508,шайба,
1509,электрический,
1510,*шампунь,
1511,шайба,
1512,белоснежные,
1513,а,
1514,балтика,
1515,,
1516,,
1517,2,
1518,бавария,
1519,пивчики,
1520,сок,
1521,пирог,
1522,футболка,
1523,вода,
1524,сверло,
1525,герметик,
1526,саморез,
1527,масло,
1528,нектар,
1529,латте,
1530,,
1531,s,
1532,аскорил,
1533,набор,
1534,2,
1535,1),
1536,"1),футболка",
1537,пряники,
1538,книга,
1539,переходник,
1540,(умывальник,
1541,жевательная,
1542,книжка-раскраска,
1543,,
1544,,
1545,муфта,
1546,соус,
1547,масло,
1548,футболка,
1549,,
1550,помпа,
1551,,
1552,батарейка,
1553,,
1554,скатерть,
1555,сыр,
1556,гребешки,
1557,профнастил,
1558,винт,
1559,творог,
1560,контейнер,
1561,бзмж,
1562,шампунь,
1563,зефир,
1564,2,
1565,,
1566,саморез,
1567,молоко,
1568,гель,
1569,7.трикотажная,
1570,пиво,
1571,,
1572,контейнер,
1573,розетка,
1574,сок,
1575,комплект,
1576,гофрокартон,
1577,морковь,
1578,кастрюля,
1579,,
1580,жеват.,
1581,,
1582,клубника,
1583,13,
1584,дорожный,
1585,костюм,
1586,бинт,
1587,салф,
1588,футболка,
1589,ботинки,
1590,дюбель,
1591,,
1592,вино,
1593,ботинки,
1594,роутер,
1595,,
1596,печенье,
1597,,
1598,кофе,
1599,сметана,
1600,кофе,
1601,"1),пальто",
1602,батон,
1603,творожный,
1604,ниппель,
1605,сметана,
1606,багет,
1607,бисер,
1608,лимонад,
1609,фломастеры,
1610,лимонад,
1611,футболка,
1612,шампунь,
1613,пижама,
1614,средство,
1615,,
1616,кофе,
1617,вальсакор,
1618,[м],
1619,с,
1620,ные,
1621,,
1622,соус,
1623,,
1624,пирожное,
1625,костюм,
1626,форель,
1627,4,
1628,,
1629,сверло,
1630,опора,
1631,,
1632,1.,
1633,,
1634,вино,
1635,мыло,
1636,,
1637,,
1638,"1),футболка",
1639,,
1640,,
1641,пельмени,
1642,крем,
1643,рулетка,
1644,чай,
1645,штамп,
1646,переключатель,
1647,кук.палочки,
1648,5,
1649,соль,
1650,,
1651,набор,
1652,желейный,
1653,футорка,
1654,футболка,
1655,,
1656,жидкое,
1657,сумка,
1658,футболка,
1659,сумка,
1660,конфеты,
1661,фильтр,
1662,морож,
1663,футболка,
1664,пюре,
1665,контейнер,
1666,сосиски,
1667,витамин,
1668,выключатель,
1669,арахис,
1670,пенал,
1671,,
1672,соус,
1673,13,
1674,,
1675,,
1676,мишка,
1677,прокладки,
1678,,
1679,розетка,
1680,белебеевский,
1681,футболка-поло,
1682,футболка,
1683,скоба,
1684,реле,
1685,сигареты,
1686,корпус,
1687,метипред,
1688,махорка,
1689,фисташки,
1690,микроволновая,
1691,пастa,
1692,подкопчённая,
1693,эльирландский,
1694,бон,
1695,,
1696,гель,
1697,коктейль,
1698,,
1699,шорты,
1700,датчик,
1701,водка,
1702,,
1703,футболка,
1704,,
1705,ботинки,
1706,гран.,
1707,молоко,
1708,агрикола,
1709,,
1710,табак,
1711,сапоги,
1712,джек,
1713,творог,
1714,,
1715,кастрюля,
1716,пирожное,
1717,соиски,
1718,,
1719,кофе,
1720,жев.,
1721,дет.,
1722,ботинки,
1723,корм,
1724,"2),пальто",
1725,джинсы,
1726,2,
1727,!мин.вода,
1728,боди,
1729,[m],
1730,,
1731,футболка,
1732,ликер,
1733,сыр,
1734,болт,
1735,коробка,
1736,торт,
1737,трикотаж,
1738,картридж,
1739,футболка,
1740,рогалик,
1741,пухлый,
1742,саморез,
1743,удлинитель,
1744,заклепки,
1745,конфеты,
1746,пиво,
1747,жигулевское,
1748,,
1749,вода,
1750,авиабилеты,
1751,луковые,
1752,шоколад,
1753,пластилин,
1754,пюре,
1755,нап/газ,
1756,2,
1757,,
1758,(подоконник,
1759,клей,
1760,фреза,
1761,набор,
1762,болт,
1763,ботинки,
1764,голубика,
1765,саморез,
1766,шайба,
1767,багет,
1768,,
1769,пастила,
1770,уголок,
1771,печенье,
1772,линза,
1773,ботинки,
1774,ель,
1775,крапивы,
1776,ботинки,
1777,пиво,
1778,2),
1779,ореховый,
1780,зажигалки,
1781,джинсы,
1782,футболка,
1783,,
1784,маш,
1785,сумка,
1786,круассаны,
1787,,
1788,,
1789,,
1790,,
1791,,
1792,,
1793,футболка,
1794,lion,
1795,,
1796,коврик,
1797,скоба,
1798,,
1799,масло,
1800,ремень,
1801,драже,
1802,контейнер,
1803,ручка,
1804,коржик,
1805,сервелат,
1806,костюм,
1807,,
1808,пряники,
1809,фильтр,
1810,часы,
1811,кольцо,
1812,,
1813,салат,
1814,1.,
1815,пальто,
1816,"1),футболка",
1817,,
1818,комплект,
1819,куртка,
1820,поплавок,
1821,детские,
1822,,
1823,2),
1824,2,
1825,гладильная,
1826,переключатель,
1827,топ,
1828,,
1829,,
1830,жев,
1831,,
1832,клейкая,
1833,,
1834,ботинки,
1835,молоток,
1836,средство,
1837,,
1838,,
1839,бабушкино,
1840,набор,
1841,переходник,
1842,для,
1843,ботинки,
1844,платье,
1845,платье,
1846,кофе,
1847,поджарка,
1848,саморез,
1849,томатная,
1850,,
1851,грунтовка,
1852,футболка,
1853,нап.,
1854,,
1855,конфеты,
1856,,
1857,метан,
1858,альбом,
1859,пальто,
1860,замок,
1861,блайтон,
1862,презерватив,
1863,футболка,
1864,эластичный,
1865,,
1866,сухофрукты,
1867,вода,
1868,,
1869,рыбий,
1870,вода,
1871,толстолобик,
1872,футболка,
1873,шпроты,
1874,ремень,
1875,линза,
1876,креветка,
1877,боди,
1878,кефир,
1879,,
1880,,
1881,,
1882,освеж,
1883,конфеты,
1884,2,
1885,,
1886,лампа,
1887,550г,
1888,набор,
1889,процессор,
1890,футболка,
1891,подводка,
1892,жидкое,
1893,,
1894,конфеты,
1895,-,
1896,нержавеющая,
1897,люкс,
1898,,
1899,"1),футболка",
1900,прихват,
1901,толстовка,
1902,семечки,
1903,,
1904,минер.,
1905,джинсы,
1906,коврик,
1907,шайба,
1908,кофе,
1909,батарейка,
1910,грунтовка,
1911,пиво,
1912,рюмка,
1913,печенье,
1914,,
1915,чай,
1916,,
1917,удлинитель,
1918,сухарики,
1919,хмель,
1920,болт,
1921,,
1922,,
1923,брюки,
1924,беспроводная,
1925,комет,
1926,уголь,
1927,батарейка,
1928,попкорн,
1929,кримпер,
1930,130г,
1931,,
1932,любятово,
1933,саморезы,
1934,угольник,
1935,,
1936,,
1937,гольфы,
1938,дорожка,
1939,авиабилеты,
1940,аквамозаика,
1941,коробка,
1942,вино,
1943,напиток,
1944,компл.,
1945,харвестер,
1946,,
1947,футболка,
1948,,
1949,спрей,
1950,плавки,
1951,,
1952,метан,
1953,,
1954,замок,
1955,риппер,
1956,лимонад,
1957,брюки,
1958,суп,
1959,мойва,
1960,корм,
1961,хлеб,
1962,крем,
1963,сыворотка,
1964,мороженое,
1965,плот,
1966,3,
1967,зубочистки,
1968,соус,
1969,напиток,
1970,grass,
1971,,
1972,,
1973,арт.:,
1974,,
1975,[м],
1976,2,
1977,4,
1978,галтель,
1979,нитки,
1980,юбка,
1981,приправа,
1982,повидло,
1983,домашня,
1984,соус,
1985,хлопковая,
1986,раскраска,
1987,соус/heinz/220мл/чесночный,
1988,пирог,
1989,тек,
1990,5,
1991,пастернак,
1992,пробка,
1993,7,
1994,,
1995,овощечистка,
1996,горчица,
1997,,
1998,масло,
1999,семечки,
2000,молоко,
2001,,
2002,,
2003,яявоздушный,
2004,серьги,
2005,мороженое,
2006,ремень,
2007,водолазка,
2008,,
2009,,
2010,ботинки,
2011,"0,5",
2012,крем,
2013,макфа,
2014,сковорода,
2015,набор,
2016,15,
2017,,
2018,сахарный,
2019,для,
2020,,
2021,печенье,
2022,футболка,
2023,рис,
2024,,
2025,мармелад,
2026,блуза,
2027,мыло,
2028,эмаль,
2029,масляный,
2030,,
2031,бзмж,
2032,мыло,
2033,,
2034,рамка,
2035,ботинки,
2036,заправка,
2037,лакарт,
2038,шапка,
2039,икра,
2040,,
2041,2,
2042,,
2043,рис,
2044,лак,
2045,ржаной,
2046,заготовка,
2047,2,
2048,лампа,
2049,анкер,
2050,,
2051,конс.,
2052,сельдь,
2053,туфли,
2054,кофе,
2055,катушка,
2056,трикотаж,
2057,герметик,
2058,[m],
2059,"2),футболка",
2060,тан,
2061,,
2062,фильтр,
2063,конфеты,
2064,карандаши,
2065,саморез,
2066,ботинки,
2067,муфта,
2068,контейнер,
2069,м/варка,
2070,гель,
2071,[м],
2072,комплект,
2073,крем-мыло,
2074,фильтр,
2075,мыло,
2076,футболка,
2077,сандалии,
2078,кефир,
2079,ложка,
2080,доска,
2081,,
2082,каша,
2083,корщетка,
2084,футболка,
2085,,
2086,приправа,
2087,бульмени,
2088,жвачка,
2089,сырок,
2090,с,
2091,коробка,
2092,бон,
2093,,
2094,куриные,
2095,смазка,
2096,пит.вода,
2097,кольцо,
2098,заглушка,
2099,красавчик,
2100,подоконник,
2101,болт,
2102,газ.,
2103,пакет,
2104,сушка-закрепитель,
2105,,
2106,5,
2107,джинсовая,
2108,лапша,
2109,хлеб,
2110,,
2111,футболка,
2112,футболка,
2113,посыпки,
2114,теплоноситель,
2115,,
2116,сухари,
2117,иван-чая,
2118,сигареты,
2119,1/1,
2120,,
2121,,
2122,готовый,
2123,,
2124,розетка,
2125,авиабилеты,
2126,бальзам,
2127,,
2128,"шайба,плоская",
2129,рамка,
2130,водка,
2131,,
2132,колбаса,
2133,,
2134,,
2135,батон,
2136,,
2137,замок,
2138,ремень,
2139,табурет,
2140,косметичка,
2141,кустодержатель,
2142,кокос,
2143,коробка,
2144,пюре,
2145,трусы,
2146,эмаль,
2147,,
2148,сухарики,
2149,бур,
2150,чипсы,
2151,табак,
2152,рюкзак,
2153,краска,
2154,нож,
2155,250гр,
2156,болт,
2157,конфеты,
2158,пальто,
2159,освежитель,
2160,трубка,
2161,,
2162,сметана,
2163,сангусто,
2164,ботинки,
2165,жевательная,
2166,йогурт,
2167,1),
2168,5,
2169,дюбель,
2170,,
2171,9.трикотажная,
2172,рукавички,
2173,саморез,
2174,pro,
2175,туал,
2176,,
2177,бочонок,
2178,бзмж,
2179,,
2180,антитополь,
2181,футболка,
2182,пенал,
2183,[m],
2184,жидкое,
2185,,
2186,"""киновский""",
2187,кофе,
2188,ремень,
2189,,
2190,,
2191,пряники,
2192,удобрение,
2193,,
2194,чип,
2195,московский,
2196,,
2197,и,
2198,шок.,
2199,вино,
2200,крестики,
2201,,
2202,пирог,
2203,бзмж,
2204,,
2205,свекла,
2206,,
2207,замок,
2208,,
2209,чешки,
2210,комплект,
2211,,
2212,сигареты,
2213,контейнер,
2214,,
2215,2.,
2216,трубочка,
2217,кастрюля,
2218,,
2219,натуретто,
2220,max,
2221,пиво,
2222,,
2223,столовые,
2224,,
2225,8.трикотажная,
2226,винт,
2227,текстиль,
2228,,
2229,риппер,
2230,шапка,
2231,,
2232,винт,
2233,пельмени,
2234,набор,
2235,-,
2236,,
2237,скатерть,
2238,булочка,
2239,коврик,
2240,футболка,
2241,кефир,
2242,,
2243,живательные,
2244,плитка,
2245,3,
2246,колодка,
2247,жимолость,
2248,браслет,
2249,багет,
2250,,
2251,кофе,
2252,кольцо,
2253,вода,
2254,саморез,
2255,вино,
2256,дюбель,
2257,,
2258,бисер,
2259,,
2260,эл.лампа,
2261,тормозная,
2262,,
2263,рулетка,
2264,фильтр,
2265,бонаква,
2266,футболка,
2267,краска,
2268,,
2269,держатель,
2270,панировка,
2271,батончик,
2272,ремень,
2273,нап,
2274,сах,
2275,,
2276,нанопласт,
2277,,
2278,штуцер,
2279,бон,
2280,альпин,
2281,пряники,
2282,знатные,
2283,,
2284,штопор,
2285,мин.,
2286,,
2287,йогурт,
2288,,
2289,1.,
2290,рулетка,
2291,,
2292,,
2293,муфта,
2294,4,
2295,футболка,
2296,латте,
2297,,
2298,костюм,
2299,краснодарское,
2300,заглушка,
2301,вино,
2302,!носки,
2303,чешки,
2304,семечки,
2305,шоколад,
2306,,
2307,сыр,
2308,бальзам,
2309,2,
2310,крючок,
2311,пакет,
2312,,
2313,уплотнитель,
2314,конфеты,
2315,,
2316,ель,
2317,[m],
2318,вентиль,
2319,,
2320,[м],
2321,,
2322,текстовыделитель,
2323,,
2324,болт,
2325,соус,
2326,,
2327,капс,
2328,рамка,
2329,книга,
2330,,
2331,молоко,
2332,,
2333,мартин,
2334,пиво,
2335,торт,
2336,тетрадь,
2337,маркер,
2338,соус,
2339,пивной,
2340,соус,
2341,,
2342,ёжик,
2343,туфли,
2344,клей,
2345,7,
2346,бандаж,
2347,футболка,
2348,сырок,
2349,,
2350,спорт,
2351,сорочка,
2352,,
2353,лимонад,
2354,валик,
2355,первая,
2356,опора,
2357,настойка,
2358,,
2359,клей,
2360,12,
2361,напиток,
2362,,
2363,пиво,
2364,,
2365,функциональный,
2366,краска,
2367,,
2368,блины,
2369,2,
2370,авиабилеты,
2371,,
2372,арахис,
2373,де.гд.раскраска,
2374,соединитель,
2375,,
2376,ботинки,
2377,пальто,
2378,золотое,
2379,4,
2380,,
2381,,
2382,конфеты,
2383,хлеб,
2384,полировальник,
2385,max,
2386,,
2387,черпак,
2388,футболка,
2389,тетрадь,
2390,крест,
2391,альпен,
2392,контейнер,
2393,масло,
2394,глушитель,
2395,платье,
2396,,
2397,винт,
2398,йогурт,
2399,,
2400,футболka,
2401,браслет,
2402,,
2403,буженина,
2404,,
2405,,
2406,блок,
2407,ния,
2408,заказ,
2409,плитка,
2410,фишка,
2411,газ.напиток,
2412,авиабилеты,
2413,батончик,
2414,болт,
2415,ледяной,
2416,носки,
2417,сливки,
2418,,
2419,рамка,
2420,,
2421,,
2422,пельмени,
2423,пинцет,
2424,,
2425,блины,
2426,корм,
2427,,
2428,трусы,
2429,конфеты,
2430,никель,
2431,,
2432,кольцо,
2433,замена,
2434,ремень,
2435,сигареты,
2436,плавки,
2437,саморез,
2438,кета,
2439,пленка,
2440,футболка/фуфайка,
2441,печенье,
2442,свечи,
2443,кольцо,
2444,,
2445,инстар,
2446,,
2447,2),
2448,пельмени,
2449,,
2450,ботинки,
2451,!печенье,
2452,купальник,
2453,макароны,
2454,дюбель,
2455,,
2456,сыр,
2457,болт,
2458,чёрный,
2459,,
2460,лопок,
2461,рулетка,
2462,сок,
2463,"футболка,",
2464,повидло,
2465,губка,
2466,,
2467,аларик,
2468,,
2469,,
2470,резина,
2471,масло,
2472,носки,
2473,2,
2474,,
2475,удлинитель,
2476,батон,
2477,саморез,
2478,коробка,
2479,,
2480,бумага,
2481,6,
2482,,
2483,напиток,
2484,,
2485,,
2486,обод,
2487,молоко,
2488,бзмж,
2489,набор,
2490,пальто,
2491,футболка,
2492,,
2493,3,
2494,баф,
2495,футболка,
2496,тетрадь,
2497,сетильник,
2498,сметана,
2499,"2),футболка",
2500,напиток,
2501,,
2502,,
2503,универсальный,
2504,киндер,
2505,"11,кружка",
2506,шорты,
2507,футболка,
2508,майонез,
2509,,
2510,[m],
2511,,
2512,,
2513,,
2514,печенье,
2515,фильтр,
2516,сух,
2517,,
2518,мурчик,
2519,творог,
2520,лимонад,
2521,футболка(xl,
2522,патрубок,
2523,лампа,
2524,гель,
2525,гель,
2526,слобода,
2527,молоток,
2528,,
2529,класс,
2530,,
2531,,
2532,"2,шапка",
2533,туфли,
2534,заказ,
2535,жигули,
2536,тетрадь,
2537,нап-к,
2538,кофе,
2539,шайба,
2540,соль,
2541,,
2542,*пряники,
2543,ошейник,
2544,кофе,
2545,рис,
2546,скин,
2547,,
2548,ые,
2549,дет,
2550,контейнер,
2551,водолазка,
2552,батончик,
2553,попкорн,
2554,,
2555,средство,
2556,муфта,
2557,лен,
2558,1,
2559,мозаика,
2560,шлифлента,
2561,кеды,
2562,толстовка,
2563,каре,
2564,френдики,
2565,,
2566,,
2567,пакет,
2568,винт,
2569,клей,
2570,майонез,
2571,,
2572,мороженое,
2573,штуцер,
2574,"2),футболка",
2575,кольцо,
2576,бутыль,
2577,лампа,
2578,маалокс,
2579,шапка,
2580,,
2581,,
2582,,
2583,биточки,
2584,,
2585,губка,
2586,пиво,
2587,сыворотка,
2588,зажигалки,
2589,,
2590,футболка,
2591,сухарики,
2592,корм,
2593,мыло,
2594,,
2595,сосиски,
2596,анкерный,
2597,куриная,
2598,минтай,
2599,,
2600,клб,
2601,зубр,
2602,болт,
2603,удлинитель,
2604,заглушка,
2605,альбом,
2606,,
2607,напиток,
2608,гроб,
2609,навага,
2610,питьев/вода,
2611,сайра,
2612,жигулевское,
2613,"1),футболка",
2614,плитка,
2615,гренки,
2616,,
2617,1,
2618,фильтр,
2619,футболка,
2620,подводка,
2621,реле,
2622,крепление,
2623,страховка,
2624,печенье,
2625,трусы,
2626,болт,
2627,,
2628,морковь,
2629,-,
2630,"футболка,",
2631,кукуруза,
2632,,
2633,2.,
2634,винт,
2635,футболка,
2636,сок,
2637,регулятор,
2638,рулетка,
2639,,
2640,silver,
2641,молоко,
2642,,
2643,винт,
2644,икра,
2645,,
2646,3,
2647,футболка,
2648,,
2649,костюм,
2650,2.,
2651,жевательная,
2652,,
2653,,
2654,выключатель,
2655,ошейник,
2656,,
2657,коктейль,
2658,свеча,
2659,хлебцы,
2660,брикет,
2661,ремень,
2662,винт,
2663,,
2664,конфеты,
2665,!пельмени,
2666,носки,
2667,,
2668,,
2669,добрый,
2670,паштет,
2671,2,
2672,,
2673,класс,
2674,14,
2675,,
2676,мороженое,
2677,майонез,
2678,селедочка,
2679,карамель,
2680,кефир,
2681,футболка,
2682,,
2683,део-спрей,
2684,растение,
2685,батон,
2686,,
2687,ж/д,
2688,кета,
2689,1/100,
2690,смесь,
2691,3,
2692,ракетка,
2693,4,
2694,авиабилеты,
2695,блок,
2696,шампунь,
2697,переключатель,
2698,,
2699,,
2700,"уринарий,1,5",
2701,биточки,
2702,уголь,
2703,коробка,
2704,краска,
2705,каша,
2706,булочки,
2707,батарейка,
2708,ремень,
2709,печень,
2710,набор,
2711,болт,
2712,,
2713,пельмени,
2714,крекер,
2715,земляника,
2716,шт,
2717,10,
2718,,
2719,,
2720,батончик,
2721,,
2722,коробка,
2723,[м],
2724,зуб.паста,
2725,табурет,
2726,10,
2727,,
2728,"""вантуккон""премиальная",
2729,лосины,
2730,зубная,
2731,,
2732,нектар,
2733,линолеум,
2734,конфеты,
2735,напиток,
2736,подшипники,
2737,"2),футболка",
2738,1/1,
2739,футболка,
2740,соус,
2741,,
2742,закладки,
2743,пельмени,
2744,леска,
2745,платье,
2746,раскладка,
2747,ботинки,
2748,"""одноразовая",
2749,,
2750,,
2751,сыр,
2752,мука,
2753,"футболка,",
2754,футболка,
2755,,
2756,золотеево,
2757,комбинезон,
2758,"1),футболка",
2759,,
2760,альбом,
2761,дезодорант,
2762,дюбель,
2763,футболка,
2764,2),
2765,футболка,
2766,кольцо,
2767,шорты,
2768,,
2769,,
2770,бандана,
2771,,
2772,футболка,
2773,чай,
2774,,
2775,,
2776,4,
2777,поворот,
2778,,
2779,рукав,
2780,крем,
2781,свитер,
2782,мясорубка,
2783,хлеб,
2784,,
2785,бекон,
2786,6,
2787,браслет,
2788,,
2789,василеостровское,
2790,хлеб,
2791,никоретте,
2792,сыр,
2793,изолента,
2794,труба,
2795,пряники,
2796,1,
2797,рона,
2798,,
2799,минибагет,
2800,болт,
2801,морс,
2802,,
2803,выкл.,
2804,свекла,
2805,конфеты,
2806,орех,
2807,сельдь,
2808,,
2809,,
2810,пускатель,
2811,вино,
2812,,
2813,трикотаж,
2814,[м],
2815,креветка,
2816,рубашка,
2817,гель,
2818,минтай,
2819,пельмени,
2820,кран,
2821,мыло,
2822,грандорф,
2823,,
2824,,
2825,кольцо,
2826,,
2827,салфетки,
2828,зефир,
2829,,
2830,,
2831,сверло,
2832,коробка,
2833,,
2834,форель,
2835,апельсин,
2836,линолеум,
2837,1/1,
2838,контейнер,
2839,куртка,
2840,комф-орт,
2841,болт,
2842,фильтр,
2843,белла,
2844,сыр,
2845,кофе,
2846,,
2847,легинсы,
2848,кофе,
2849,водонагреватель,
2850,котлеты,
2851,масло,
2852,плинтус,
2853,1,
2854,фильтр,
2855,,
2856,кар,
2857,пальто,
2858,салатник,
2859,чепчик,
2860,авиабилеты,
2861,поло,
2862,,
2863,водка,
2864,ремень,
2865,морож,
2866,молоток,
2867,крепление,
2868,,
2869,манжет,
2870,выключатель,
2871,вода,
2872,перфоратор,
2873,,
2874,,
2875,медовик,
2876,1,
2877,муфта,
2878,фильтр,
2879,гель,
2880,1.,
2881,жидкость,
2882,3,
2883,альбом,
2884,сыр,
2885,салатная,
2886,б.бер.паста,
2887,,
2888,,
2889,,
2890,семена,
2891,уголок,
2892,манник,
2893,,
2894,лампа,
2895,футболка,
2896,зефир,
2897,балетки,
2898,,
2899,4,
2900,морож.снежный,
2901,сахар,
2902,резинка,
2903,коврик,
2904,реле,
2905,1.,
2906,творожок,
2907,пельмени,
2908,сумка,
2909,3,
2910,бальзам,
2911,сгущеное,
2912,4,
2913,пленка,
2914,коробка,
2915,1/1,
2916,,
2917,"""санта",
2918,скатерть,
2919,мороженое,
2920,спред,
2921,,
2922,3,
2923,напиток,
2924,ведро,
2925,,
2926,арт.,
2927,удобрение,
2928,кружка,
2929,,
2930,лимонад,
2931,,
2932,,
2933,база,
2934,1,
2935,фелин,
2936,,
2937,форма,
2938,кубань-матушка,
2939,батарея,
2940,деми,
2941,,
2942,,
2943,кольцо,
2944,черный,
2945,ароматные,
2946,саморез,
2947,,
2948,шампунь,
2949,биойогурт,
2950,саморез,
2951,,
2952,сметана,
2953,футболка,
2954,кольцо,
2955,,
2956,1),
2957,стельки,
2958,футболка,
2959,очаковский,
2960,эмаль,
2961,носки,
2962,1.,
2963,лимонад,
2964,,
2965,,
2966,детское,
2967,творожник,
2968,коньяк,
2969,,
2970,футболка,
2971,вода,
2972,макар,
2973,скатерть,
2974,,
2975,шарошка,
2976,винт,
2977,майонез,
2978,мелки,
2979,куриная,
2980,эскимо,
2981,,
2982,,
2983,футболка,
2984,соус,
2985,дюбель,
2986,сыр,
2987,сливочный,
2988,ремень,
2989,скатерть,
2990,фоста,
2991,робот,
2992,конфеты,
2993,,
2994,пряник_тульский,
2995,соус,
2996,,
2997,умка,
2998,фильтр,
2999,светильник,
3000,засов,
3001,,
3002,,
3003,футболка,
3004,контейнер,
3005,легинсы,
3006,,
3007,1.,
3008,коктель,
3009,подсластитель,
3010,,
3011,альбом,
3012,футболка,
3013,,
3014,печенье,
3015,д/т,
3016,,
3017,1,
3018,зева,
3019,,
3020,ваpeния,
3021,виски,
3022,з/паста,
3023,круассаны,
3024,хлебные,
3025,комет,
3026,ошейник,
3027,,
3028,замок,
3029,болт,
3030,сухарики,
3031,1.,
3032,сумка,
3033,мороженое,
3034,,
3035,,
3036,карандаш,
3037,игр,
3038,сыр,
3039,,
3040,карамель,
3041,леска,
3042,багет,
3043,,
3044,йогурт,
3045,дюбель,
3046,дюбель,
3047,футболка,
3048,растишка,
3049,трусы,
3050,пиво,
3051,раскраска,
3052,,
3053,!набор,
3054,ватные,
3055,плавки,
3056,овк,
3057,бзмж,
3058,,
3059,1.,
3060,эскимо,
3061,ремень,
3062,фильтр,
3063,"2),футболка",
3064,,
3065,мыло,
3066,колеровка,
3067,футболка,
3068,2/100,
3069,,
3070,,
3071,морож.,
3072,дет.,
3073,карандаш,
3074,,
3075,сухарики,
3076,виски,
3077,,
3078,конверт,
3079,,
3080,форель,
3081,альбом,
3082,винт,
3083,лимон,
3084,будильник,
3085,мохито,
3086,кекс,
3087,мыло,
3088,шоколад,
3089,коронка-,
3090,,
3091,фильтр,
3092,гурмет,
3093,краб,
3094,,
3095,темный,
3096,сладкий,
3097,футболка,
3098,1/1,
3099,подшипник,
3100,,
3101,иглы-бабочки,
3102,,
3103,бейсболка,
3104,майонез,
3105,4.трикотажная,
3106,зубная,
3107,икра,
3108,3,
3109,пластырь,
3110,колготки_teatro_чулки,
3111,,
3112,,
3113,,
3114,4,
3115,,
3116,маска,
3117,подвесной,
3118,кольцо,
3119,кольцо,
3120,,
3121,,
3122,памперино,
3123,,
3124,болт,
3125,коробка,
3126,,
3127,футболка,
3128,коврик,
3129,саморез,
3130,,
3131,шоколад,
3132,футболка/фуфайка,
3133,,
3134,индикатор,
3135,"1),футболка",
3136,нат.,
3137,морская,
3138,,
3139,min,
3140,кольцо,
3141,эскимо,
3142,болт,
3143,20,
3144,2.,
3145,пиво,
3146,биойогурт,
3147,сыр,
3148,ремень,
3149,14,
3150,напиток,
3151,шоколад,
3152,,
3153,16.трикотажная,
3154,фильтр,
3155,сырок,
3156,мойка,
3157,-,
3158,пиво,
3159,саморез,
3160,!форель,
3161,mix,
3162,поильник,
3163,шампунь-гель,
3164,,
3165,2,
3166,грунтовка,
3167,,
3168,икра,
3169,съемник,
3170,кит,
3171,носки,
3172,футболка/фуфайка,
3173,1/1,
3174,трикотаж,
3175,фисташки,
3176,бзмж,
3177,сыворотка,
3178,контейнер,
3179,трикотаж,
3180,,
3181,икра,
3182,,
3183,живая,
3184,дезодорант,
3185,,
3186,,
3187,,
3188,футболка,
3189,комплект,
3190,шамп.,
3191,,
3192,коврик,
3193,,
3194,,
3195,,
3196,болт,
3197,грунт,
3198,скоба,
3199,сливки,
3200,сырный,
3201,рогожка,
3202,кофе,
3203,тихвинский,
3204,карамболь,
3205,2,
3206,,
3207,,
3208,упаковка,
3209,саморез,
3210,арт.,
3211,,
3212,переключатель,
3213,датчики,
3214,крышка,
3215,переходник,
3216,профнастил,
3217,молоко,
3218,дырокол,
3219,лопатки,
3220,,
3221,оливки,
3222,опрыскиватель,
3223,,
3224,изолента,
3225,сок,
3226,реле,
3227,,
3228,,
3229,бки,
3230,[m],
3231,удлинитель,
3232,xl,
3233,[м],
3234,фикус,
3235,плитка,
3236,мелки,
3237,футболка/фуфайка,
3238,пружина,
3239,,
3240,молоток,
3241,жидкое,
3242,пирожное,
3243,мака,
3244,сланцы,
3245,пиво,
3246,снеки,
3247,стик,
3248,,
3249,,
3250,8.трикотажная,
3251,7,
3252,мойка,
3253,футболка,
3254,набор,
3255,,
3256,кукуруза,
3257,перловая,
3258,грунт,
3259,плед,
3260,,
3261,крепп,
3262,ошейник,
3263,сыр,
3264,контейнер,
3265,рожок,
3266,крючок,
3267,сыр,
3268,9,
3269,мартика,
3270,шапка,
3271,болт,
3272,шоколад,
3273,к,
3274,6,
3275,,
3276,сок,
3277,испаритель,
3278,,
3279,,
3280,,
3281,,
3282,зефир,
3283,жидкость,
3284,молоко,
3285,полотно,
3286,футболка/фуфайка,
3287,гренки,
3288,8,
3289,перчатки,
3290,молоток,
3291,,
3292,premium,
3293,холодец,
3294,1/1,
3295,короб,
3296,,
3297,"ботинки(шт,",
3298,билет,
3299,ботинки,
3300,баб,
3301,2,
3302,мороженое,
3303,конфеты,
3304,морковь,
3305,кит,
3306,"2),ремень",
3307,,
3308,,
3309,салфетка,
3310,2,
3311,заглушка,
3312,жев/резинка,
3313,"2,колготки",
3314,ремень,
3315,[m],
3316,бзмж,
3317,,
3318,колгот.,
3319,штуцер,
3320,,
3321,шампунь,
3322,мармелад,
3323,костюм,
3324,крышки,
3325,2.,
3326,эмаль-аэрозоль,
3327,кириешки,
3328,смеситель,
3329,молоко,
3330,перфект,
3331,водолазка,
3332,вилла,
3333,пончики,
3334,2),
3335,батончик,
3336,стакан,
3337,пальто,
3338,,
3339,,
3340,футболка,
3341,1.трикотажная,
3342,мини,
3343,,
3344,ботинки,
3345,пирожное,
3346,пружина,
3347,кофейный,
3348,сверло,
3349,пакеты,
3350,палочки,
3351,,
3352,замок,
3353,тампоны,
3354,грунтовка,
3355,джемпер,
3356,1.,
3357,,
3358,1,
3359,кофе,
3360,,
3361,1/1,
3362,торт,
3363,скотч,
3364,угол,
3365,игровой,
3366,молоко,
3367,бон,
3368,,
3369,см.,
3370,рамка,
3371,для,
3372,ручкa,
3373,яйцеварка,
3374,,
3375,парламент,
3376,,
3377,"""",
3378,,
3379,сосиска,
3380,миксер,
3381,комплект,
3382,наклейка,
3383,,
3384,браслет,
3385,пряники,
3386,шокол,
3387,,
3388,,
3389,напиток,
3390,бзмж.йогурт,
3391,7,
3392,,
3393,,
3394,бальзам,
3395,эмаль,
3396,пельмени,
3397,болт,
3398,90,
3399,коврик,
3400,карандаш,
3401,аквалор,
3402,травяной,
3403,ботинки,
3404,(ручка-кнопка,
3405,black,
3406,1),
3407,клей,
3408,2,
3409,колбаса,
3410,записная,
3411,штрудлики,
3412,пряники,
3413,,
3414,"2),футболка",
3415,2010,
3416,каша,
3417,,
3418,лимонад,
3419,,
3420,футболка,
3421,,
3422,саморез,
3423,п/ботинки,
3424,вода,
3425,,
3426,большая,
3427,скотч,
3428,рельс,
3429,салфетки,
3430,,
3431,конвектор,
3432,кокосовое,
3433,"1),футболка",
3434,саморез,
3435,риттер,
3436,профнастил,
3437,кольцо,
3438,скотч,
3439,бзмж,
3440,футболка,
3441,,
3442,сыр,
3443,ейки,
3444,"1),футболка",
3445,болт,
3446,3,
3447,"2),футболка",
3448,масло,
3449,мармелад,
3450,кроссовки,
3451,,
3452,футболка,
3453,апельсин,
3454,ср-во,
3455,сверло,
3456,,
3457,наст,
3458,1.,
3459,сосуды,
3460,батончик,
3461,шайба,
3462,брюки,
3463,напиток,
3464,,
3465,1,
3466,,
3467,грудка,
3468,подпяточник,
3469,ремень,
3470,кд/масло,
3471,система,
3472,винтм,
3473,8,
3474,25,
3475,кирка,
3476,платье,
3477,вино,
3478,кассеты,
3479,каша,
3480,акустика,
3481,м,
3482,,
3483,муфта,
3484,,
3485,кольцо,
3486,шайба,
3487,сыр,
3488,кукуруза,
3489,удлинитель,
3490,лакомство,
3491,100597,
3492,водка,
3493,порошок,
3494,чебуреки,
3495,1.,
3496,,
3497,печенье,
3498,1,
3499,мороженое,
3500,1.,
3501,пончики,
3502,конверт,
3503,"0,5",
3504,прочeе,
3505,7,
3506,краска,
3507,1/1,
3508,,
3509,пальто,
3510,чистая,
3511,,
3512,сыр,
3513,,
3514,,
3515,петля,
3516,штаны,
3517,из,
3518,апельсин,
3519,ошейник,
3520,рубашка,
3521,напиток,
3522,,
3523,картофелечистка,
3524,,
3525,,
3526,раскраска.,
3527,перчатки,
3528,конфеты,
3529,,
3530,саморез,
3531,болт,
3532,хлопковая,
3533,винт,
3534,"0,25л",
3535,[m],
3536,жигулевское,
3537,кольцо,
3538,ручка,
3539,1,
3540,юбка,
3541,пряники,
3542,биойогурт,
3543,колодка,
3544,эскимо,
3545,500г,
3546,пуловер,
3547,,
3548,комплект,
3549,,
3550,реми,
3551,брус,
3552,,
3553,футболка,
3554,,
3555,,
3556,контейнер,
3557,торт,
3558,,
3559,футболка,
3560,жев,
3561,милый,
3562,,
3563,сухарики,
3564,мыло,
3565,масло,
3566,сыр,
3567,набор,
3568,шампунь-гель,
3569,торт,
3570,краситель,
3571,8,
3572,,
3573,,
3574,зефир,
3575,сок,
3576,сельдь,
3577,монитор,
3578,болт,
3579,арко,
3580,,
3581,,
3582,,
3583,,
3584,,
3585,коврик,
3586,куртка,
3587,5,
3588,,
3589,меновазин,
3590,-,
3591,,
3592,,
3593,,
3594,мороженое,
3595,икра,
3596,платье,
3597,,
3598,побелка-краска,
3599,закуска,
3600,,
3601,опора,
3602,,
3603,колено,
3604,сенны,
3605,,
3606,пиво,
3607,,
3608,гладильная,
3609,4,
3610,фильтр,
3611,ящик,
3612,футболка,
3613,покрывало,
3614,,
3615,футболка,
3616,,
3617,свет-к,
3618,эделькет,
3619,стейк,
3620,заказ,
3621,корректор,
3622,ессентуки,
3623,напиток,
3624,рулетка,
3625,женская,
3626,вино,
3627,полироль,
3628,ободок,
3629,4,
3630,футболка,
3631,печенье,
3632,контейнер,
3633,платье,
3634,мыло,
3635,свиные,
3636,фломастеры,
3637,дюбель,
3638,ободок,
3639,вантус,
3640,поло,
3641,,
3642,пластиk.,
3643,краска,
3644,"1),футболка",
3645,соус,
3646,2001,
3647,акция,
3648,кроссовки,
3649,футболка,
3650,кофе,
3651,футболка,
3652,,
3653,[m],
3654,парламент,
3655,ботинки,
3656,,
3657,,
3658,янтарная,
3659,,
3660,вода,
3661,,
3662,зефир,
3663,ассам,
3664,ломтики,
3665,,
3666,"1),футболка",
3667,,
3668,10),
3669,,
3670,анкер,
3671,,
3672,трансформатор,
3673,драже,
3674,сметана,
3675,шоколад,
3676,,
3677,,
3678,коробка,
3679,,
3680,,
3681,"1),косметичка",
3682,печенье,
3683,капкейк,
3684,йог,
3685,влажные,
3686,2.трикотажная,
3687,метан,
3688,3,
3689,,
3690,сыр,
3691,шприц,
3692,,
3693,губка,
3694,штангетки,
3695,саморез,
3696,[m],
3697,,
3698,,
3699,кардиган,
3700,сырок,
3701,пальто,
3702,пюре,
3703,туфли,
3704,,
3705,ель,
3706,форма,
3707,кольцо,
3708,,
3709,водолазка,
3710,саморез,
3711,носки,
3712,ые,
3713,карт.пюре,
3714,,
3715,крышка,
3716,футболка,
3717,куртка,
3718,2,
3719,драже,
3720,,
3721,,
3722,обложка,
3723,морковь,
3724,футболка,
3725,получулки,
3726,ковш,
3727,,
3728,футболка,
3729,1.тканые,
3730,угольник,
3731,прокладки,
3732,,
3733,штуцер,
3734,крючки,
3735,латте,
3736,,
3737,футболка,
3738,кроссовки,
3739,платье,
3740,сух,
3741,крепление,
3742,футболка,
3743,сет.,
3744,напиток,
3745,трусики-подгузники,
3746,,
3747,,
3748,7,
3749,книга,
3750,арт.,
3751,масло,
3752,икра,
3753,элемент,
3754,заглушка,
3755,конструктивный,
3756,,
3757,бумага,
3758,скатерть,
3759,браслет,
3760,замок,
3761,сыр,
3762,коробка,
3763,нектар,
3764,,
3765,напиток,
3766,батон,
3767,,
3768,32848-краска,
3769,леденцы,
3770,4,
3771,толстолобик,
3772,азбука,
3773,футболка,
3774,кофе,
3775,,
3776,вино,
3777,50мг/5мл,
3778,2.,
3779,конфеты,
3780,ананасы,
3781,"морож.""крымские",
3782,мешок,
3783,крестильное,
3784,5,
3785,болт,
3786,болт,
3787,жев.,
3788,сосиски,
3789,23,
3790,абрикосова,
3791,дюбель,
3792,носки,
3793,футболка,
3794,корщетка-насадка,
3795,сорочка,
3796,батон,
3797,,
3798,"2),футболка",
3799,,
3800,3,
3801,покрышка,
3802,,
3803,мешки,
3804,саморез,
3805,футболка,
3806,,
3807,мин.вода,
3808,,
3809,замена,
3810,футболка,
3811,соус,
3812,антиперспирант,
3813,альбом,
3814,,
3815,,
3816,,
3817,закладки,
3818,риттер,
3819,9,
3820,контейнер,
3821,"2),футболка",
3822,траумель,
3823,"1),футболка",
3824,муфта,
3825,-,
3826,игрушка,
3827,гель-лак,
3828,2,
3829,energizer,
3830,икра,
3831,"11,колготки",
3832,болт,
3833,футболка,
3834,пиво,
3835,п/ботинки,
3836,дюбель,
3837,печ.,
3838,шампанское,
3839,,
3840,комплект,
3841,маркер,
3842,корм,
3843,12,
3844,вино,
3845,совок,
3846,крымская,
3847,набор,
3848,штаны,
3849,масло,
3850,,
3851,,
3852,фиприст,
3853,метан,
3854,,
3855,сушки,
3856,,
3857,кефир,
3858,футболка,
3859,,
3860,,
3861,лединцы,
3862,будильник,
3863,[м],
3864,попкорн,
3865,коньяк,
3866,футболка,
3867,3,
3868,1),
3869,,
3870,,
3871,краги,
3872,краска,
3873,#саморез,
3874,сигареты,
3875,хлебцы,
3876,коврик,
3877,подушечки,
3878,,
3879,коврик,
3880,,
3881,чипсы,
3882,браслет,
3883,сыр,
3884,рулон,
3885,молоко,
3886,рубашка,
3887,,
3888,конфеты,
3889,огурцы,
3890,,
3891,,
3892,мармелад,
3893,ваф.,
3894,килька,
3895,колбаса,
3896,фильтр,
3897,ремень,
3898,молоко,
3899,напиток,
3900,,
3901,футболка,
3902,полотенце,
3903,"1),футболка",
3904,кофе,
3905,тональное,
3906,гренки,
3907,,
3908,5,
3909,коляска-трость,
3910,,
3911,3,
3912,2.,
3913,герметик,
3914,,
3915,,
3916,коврик,
3917,m,
3918,изолента,
3919,леска,
3920,обводка,
3921,мушка,
3922,водка-черная,
3923,коктейль,
3924,new,
3925,пельмени,
3926,вода,
3927,,
3928,балычки,
3929,мармелад,
3930,крем,
3931,газовая,
3932,носки,
3933,перчатки,
3934,покрышка,
3935,шоколатье,
3936,ж/б,
3937,жевательная,
3938,попкорн,
3939,железный,
3940,армянский,
3941,,
3942,,
3943,футболка,
3944,кофе,
3945,герметик,
3946,совок,
3947,безопасное,
3948,,
3949,самор.,
3950,,
3951,,
3952,,
3953,молочный,
3954,,
3955,,
3956,,
3957,батончик,
3958,"2),футболка",
3959,,
3960,,
3961,футболка,
3962,2,
3963,2,
3964,вантуз,
3965,лимон,
3966,бюстгальтер,
3967,тетрадь,
3968,,
3969,ремень,
3970,растворитель,
3971,морковь,
3972,муфта,
3973,промывка,
3974,,
3975,шоколад,
3976,каша,
3977,ремень,
3978,футболка,
3979,,
3980,блок,
3981,,
3982,саморез,
3983,болт,
3984,вода,
3985,коньяк,
3986,болт,
3987,,
3988,датчик,
3989,никоретте,
3990,,
3991,,
3992,браслет,
3993,футболка,
3994,,
3995,газета,
3996,направляющие,
3997,,
3998,,
3999,"1),футболка",
4000,томат,
4001,сковорода,
4002,толстовка,
4003,вода,
4004,,
4005,водка,
4006,paшeния,
4007,брикет,
4008,велопокрышка,
4009,,
4010,косметичка,
4011,джинсовка,
4012,кольцо,
4013,,
4014,,
4015,термопленка,
4016,саморез,
4017,мыло,
4018,чай,
4019,переходник,
4020,,
4021,сайра,
4022,,
4023,футболка,
4024,брюки,
4025,пиво,
4026,гель,
4027,пиво,
4028,,
4029,страдивариус,
4030,cle,
4031,1.гардинное,
4032,жевательная,
4033,трусы,
4034,,
4035,фильтр,
4036,пакет,
4037,футболка,
4038,линза,
4039,система,
4040,"2),футболка",
4041,бумага,
4042,болт,
4043,зажигалка,
4044,коктейль,
4045,бальзам,
4046,вода,
4047,батон,
4048,кисть,
4049,салфетки,
4050,[m],
4051,15,
4052,20,
4053,5,
4054,для,
4055,,
4056,фреза,
4057,замок,
4058,футболка,
4059,8,
4060,аэрозоль,
4061,футболка,
4062,йогурт,
4063,пиво,
4064,лимонад,
4065,соус,
4066,бон,
4067,,
4068,саморез,
4069,клеенка,
4070,альбом,
4071,колготки,
4072,шпатлевка,
4073,мор.пломбир,
4074,краска,
4075,нектар,
4076,грандорф,
4077,набор,
4078,футболка,
4079,фоторамка,
4080,"2),футболка",
4081,кольцо,
4082,заглушка,
4083,водка,
4084,,
4085,рубашка,
4086,,
4087,сок,
4088,юкола,
4089,шоколад,
4090,зефир,
4091,болт,
4092,кулер,
4093,кармекс,
4094,5.трикотажная,
4095,масло,
4096,сок,
4097,пиво,
4098,опрыскиватель,
4099,1009-1,
4100,кукуруза,
4101,попкорн,
4102,базиликовый,
4103,2.,
4104,сыр,
4105,кольцо,
4106,футболка,
4107,тест,
4108,блок,
4109,фуфайка,
4110,,
4111,краска,
4112,фильтр,
4113,комплект,
4114,батончик,
4115,,
4116,лапша,
4117,шницель,
4118,икра,
4119,кисть,
4120,серьги,
4121,кофе,
4122,выключатель,
4123,полироль,
4124,батон,
4125,3009,
4126,сок,
4127,прокладки,
4128,,
4129,дез,
4130,мыло,
4131,светильник,
4132,конфеты,
4133,пальто,
4134,табурет,
4135,артшани,
4136,блa,
4137,голубика,
4138,новогодний,
4139,сыр,
4140,,
4141,болт,
4142,,
4143,вода,
4144,1кг,
4145,гренки,
4146,зубная,
4147,,
4148,"2),футболка",
4149,заправка,
4150,тоник,
4151,квас,
4152,ель,
4153,минтай,
4154,бенови,
4155,,
4156,лимонад,
4157,блю,
4158,кофе,
4159,,
4160,дневник,
4161,мираторг,
4162,раскраска,
4163,9,
4164,,
4165,коробка,
4166,толстовка,
4167,будильник,
4168,болт,
4169,,
4170,лимонад,
4171,авиабилеты,
4172,газ,
4173,"2,перчатки",
4174,концевой,
4175,ободок,
4176,"футболка,",
4177,конфета,
4178,арахис,
4179,,
4180,,
4181,,
4182,печенье,
4183,кружка,
4184,крупа,
4185,пена,
4186,паста,
4187,ботинки,
4188,гель,
4189,,
4190,фильтр,
4191,набор,
4192,,
4193,набор,
4194,саморез,
4195,латте,
4196,сыр,
4197,жев.,
4198,земляника,
4199,шайба,
4200,,
4201,лимонад,
4202,стакан,
4203,,
4204,15,
4205,,
4206,сыр,
4207,ботинки,
4208,ремень,
4209,,
4210,крепление,
4211,розетка,
4212,,
4213,бальзам,
4214,сыр,
4215,футболка,
4216,кукурузные,
4217,,
4218,гренки,
4219,тряпка,
4220,футболка,
4221,соус,
4222,защитные,
4223,2),
4224,ель,
4225,наколенники,
4226,[m],
4227,продукт,
4228,подписка,
4229,жидкое,
4230,,
4231,5,
4232,сверло,
4233,корега,
4234,"1),футболка",
4235,рис,
4236,десерт,
4237,опора,
4238,пицца,
4239,дюбель,
4240,навага,
4241,хлеб,
4242,датчик,
4243,свитшот,
4244,,
4245,каша,
4246,креветки,
4247,биойогурт,
4248,3,
4249,футболка,
4250,нагревательный,
4251,,
4252,футболка,
4253,карта,
4254,свекла,
4255,ходунки,
4256,лайна,
4257,туалетная,
4258,футболка,
4259,креветка,
4260,кошачий,
4261,,
4262,мороженое,
4263,,
4264,футболка,
4265,1,
4266,5,
4267,дюбель,
4268,пюре,
4269,бумага,
4270,,
4271,фильтр,
4272,,
4273,контейнер,
4274,,
4275,,
4276,тортовница,
4277,батон,
4278,мазь,
4279,тренажер,
4280,заглушка,
4281,угольник,
4282,сухофрукты,
4283,коробка,
4284,,
4285,ремень,
4286,код:,
4287,блок,
4288,контейнер,
4289,,
4290,пиво,
4291,спальник,
4292,,
4293,коробка,
4294,медовик,
4295,350,
4296,,
4297,5,
4298,болт,
4299,,
4300,пряжа,
4301,,
4302,,
4303,соус,
4304,компл-е,
4305,легинсы,
4306,(пена,
4307,пиво,
4308,болт,
4309,,
4310,удлинитель,
4311,,
4312,серебряный,
4313,1),
4314,1/24,
4315,болт,
4316,болт,
4317,21,
4318,,
4319,мука,
4320,,
4321,клей,
4322,,
4323,,
4324,конфеты,
4325,пельмени,
4326,,
4327,2.,
4328,салфетки,
4329,болт,
4330,болт,
4331,морковь,
4332,саоми,
4333,ряженка,
4334,коробка,
4335,кукуруза,
4336,4.тканые,
4337,розетка,
4338,твердый,
4339,штуцер,
4340,,
4341,пальто,
4342,кисель,
4343,мышеловка,
4344,хлебцы,
4345,,
4346,творог,
4347,морс,
4348,,
4349,топер,
4350,икра,
4351,,
4352,,
4353,,
4354,горелка,
4355,сок,
4356,,
4357,,
4358,картофель,
4359,1,
4360,,
4361,удлинитель,
4362,,
4363,записная,
4364,ботинки,
4365,сахар-песок,
4366,мирамистин,
4367,натуральный,
4368,серые,
4369,650мл,
4370,приспособление,
4371,лейкоплас.,
4372,форель,
4373,авиабилеты,
4374,,
4375,авиабилеты,
4376,футболка,
4377,5,
4378,шведская,
4379,соломка,
4380,саморез,
4381,лампа,
4382,трусы,
4383,2,
4384,,
4385,,
4386,заглушка,
4387,6,
4388,водка,
4389,замок,
4390,футболка,
4391,футорка,
4392,батончик,
4393,опора,
4394,ветровка,
4395,,
4396,,
4397,маринованный,
4398,крекер,
4399,кекс,
4400,-,
4401,злаковый,
4402,,
4403,,
4404,,
4405,м,
4406,250мл,
4407,авертон,
4408,молоко,
4409,щечки,
4410,контейнер(мал.),
4411,,
4412,петрушка,
4413,ручка,
4414,[м],
4415,основание,
4416,форсунка,
4417,брикет,
4418,128,
4419,творог,
4420,,
4421,переходник,
4422,,
4423,кисель,
4424,сумка,
4425,,
4426,,
4427,,
4428,,
4429,,
4430,креветка,
4431,1,
4432,сырок,
4433,покрывало,
4434,регулятор,
4435,сумка,
4436,аскорбин,
4437,,
4438,шоколад,
4439,трикотаж,
4440,"1),футболка",
4441,перчатки,
4442,подвески,
4443,ручки,
4444,4,
4445,присыпка,
4446,фильтр,
4447,мохито,
4448,дет.,
4449,вода,
4450,,
4451,саморез,
4452,,
4453,чай,
4454,,
4455,,
4456,,
4457,5,
4458,приправа,
4459,шайба,
4460,линза,
4461,вода,
4462,конфеты,
4463,элемент,
4464,20х5г,
4465,футболка,
4466,,
4467,пампушки,
4468,икра,
4469,выключатель,
4470,мыло,
4471,водолазка,
4472,рельса,
4473,,
4474,набор,
4475,хлеб,
4476,,
4477,лючок,
4478,,
4479,,
4480,,
4481,,
4482,циновит,
4483,держатель,
4484,кефир,
4485,,
4486,кисть,
4487,хлебцы,
4488,сыр,
4489,полиэстеp),
4490,арк,
4491,лапша,
4492,сланцы,
4493,святой,
4494,,
4495,,
4496,,
4497,унипласт,
4498,футболка,
4499,стеклянная,
4500,,
4501,батончик,
4502,саморез,
4503,пист.,
4504,семечки,
4505,хлеб,
4506,кофе,
4507,минер.,
4508,преобразователь,
4509,чипсы,
4510,,
4511,болт,
4512,фр,
4513,напиток,
4514,кольцо,
4515,,
4516,1/1,
4517,тостер,
4518,"0,95л",
4519,,
4520,,
4521,полироль,
4522,50%,
4523,1),
4524,,
4525,l,
4526,вок,
4527,,
4528,салфетка,
4529,,
4530,,
4531,,
4532,,
4533,пластик,
4534,цыпленок,
4535,тек,
4536,болт,
4537,нож,
4538,футболка,
4539,пл,
4540,пиво,
4541,футболка,
4542,говядина,
4543,трусы,
4544,колбаса,
4545,,
4546,*эскимо,
4547,сосиски,
4548,,
4549,саморез,
4550,зефир,
4551,саморез,
4552,,
4553,морковь,
4554,,
4555,комод,
4556,ковш,
4557,пиво,
4558,кальция,
4559,коробка,
4560,,
4561,сухарики,
4562,,
4563,пиво,
4564,каша,
4565,крем,
4566,,
4567,"1),футболка",
4568,морковь,
4569,туфли,
4570,водка,
4571,грудка,
4572,приправа,
4573,дюбель,
4574,алерана,
4575,лак,
4576,1/1,
4577,пиво,
4578,жеват.конфеты,
4579,вставка,
4580,джинсы,
4581,пельмени,
4582,,
4583,трикотаж,
4584,плитка,
4585,din,
4586,макароны,
4587,5,
4588,ложка,
4589,ремень,
4590,,
4591,поддон,
4592,просто,
4593,,
4594,плa,
4595,,
4596,фильр,
4597,лимонад,
4598,пельмени,
4599,,
4600,,
4601,коктейль,
4602,муфта,
4603,рубашка,
4604,паста,
4605,пряник,
4606,,
4607,рождественская,
4608,мыло,
4609,"морож.""монарх""",
4610,парламент,
4611,"1),футболка",
4612,лапша,
4613,берн,
4614,10,
4615,лимон,
4616,кондиционер,
4617,,
4618,ролик,
4619,1,
4620,украшение,
4621,,
4622,сардельки,
4623,бонаква,
4624,заказ,
4625,прокладки,
4626,,
4627,,
4628,1/5,
4629,вода,
4630,водка,
4631,сырок,
4632,розетка,
4633,стеклоткань,
4634,лакомства,
4635,бзмж,
4636,авиабилеты,
4637,снежок,
4638,набор,
4639,легкое,
4640,кетонал,
4641,"0,1",
4642,коврик,
4643,,
4644,,
4645,контейнер,
4646,классический,
4647,пуловер,
4648,покрывало,
4649,,
4650,карандаши,
4651,батут,
4652,,
4653,коробка,
4654,,
4655,сыр,
4656,сальник,
4657,кольцо,
4658,,
4659,7,
4660,муфта,
4661,набор,
4662,футболка,
4663,виски,
4664,,
4665,,
4666,сыр,
4667,ботинки,
4668,1,
4669,пятновыводитель,
4670,шайба,
4671,футболка,
4672,"3,брюки",
4673,мороженное,
4674,соус,
4675,,
4676,,
4677,спрей,
4678,кофе,
4679,свеча,
4680,набор,
4681,машинка,
4682,пломбир,
4683,,
4684,сетка,
4685,батарейка,
4686,масло,
4687,муфта,
4688,лампа,
4689,футболка,
4690,шт,
4691,футболка,
4692,свитшот,
4693,,
4694,радиатор,
4695,жевaтeльная,
4696,щётка,
4697,фрутелла,
4698,акция!,
4699,напиток,
4700,шоколадная,
4701,саморез,
4702,кубик,
4703,платье,
4704,"2),футболка",
4705,вино,
4706,опора,
4707,ваф.стакан,
4708,,
4709,майка,
4710,муфта,
4711,болт,
4712,,
4713,водка,
4714,,
4715,книга,
4716,пряники,
4717,пиво,
4718,,
4719,,
4720,саморез,
4721,бульмени,
4722,,
4723,пельмени,
4724,,
4725,носки,
4726,макароны,
4727,форель,
4728,набор,
4729,футболка,
4730,биточки,
4731,,
4732,1,
4733,бад,
4734,,
4735,шкурка,
4736,напиток,
4737,вко,
4738,болт,
4739,база,
4740,кофе,
4741,,
4742,талка,
4743,заглушка,
4744,,
4745,,
4746,ботинки,
4747,батон,
4748,1),
4749,сыр,
4750,футболка,
4751,краситель,
4752,пиво,
4753,грибы,
4754,булочка,
4755,вино,
4756,попкорн,
4757,средство,
4758,саморез,
4759,"1),футболка",
4760,1,
4761,кастрюля,
4762,кофе,
4763,,
4764,сырок,
4765,масло,
4766,хлебцы,
4767,рис,
4768,kисть,
4769,хортица,
4770,,
4771,,
4772,джинсы,
4773,,
4774,фильтр,
4775,мини-рулетики,
4776,мармелад,
4777,ароматизатор,
4778,3,
4779,молоко,
4780,жевательная,
4781,марокканский,
4782,саморез,
4783,1,
4784,снежок,
4785,наслаждение,
4786,саморез,
4787,,
4788,твистер,
4789,,
4790,мыло,
4791,зир,
4792,йогурт,
4793,фильтр,
4794,,
4795,средство,
4796,,
4797,,
4798,,
4799,кольцо,
4800,согревающий,
4801,панель,
4802,калькулятор,
4803,,
4804,корм,
4805,сметана,
4806,,
4807,,
4808,молоко,
4809,творожок,
4810,л,
4811,жимолость,
4812,,
4813,болт,
4814,перчик,
4815,дозатор,
4816,печенье,
4817,,
4818,йогурт,
4819,вода,
4820,заглушка,
4821,18,
4822,лидер,
4823,кольцо,
4824,футболка,
4825,сухарики,
4826,набор,
4827,туфли,
4828,5,
4829,2),
4830,,
4831,ящик,
4832,йогурт,
4833,silver,
4834,,
4835,!фрутоняня,
4836,конс,
4837,хворост,
4838,печенье,
4839,1.,
4840,сметана,
4841,печенье,
4842,вода,
4843,смеситель,
4844,вино,
4845,кетчуп,
4846,патрубок,
4847,пленка,
4848,2,
4849,кукуруза,
4850,кисть,
4851,1.,
4852,перчатки,
4853,1.,
4854,,
4855,средство,
4856,шамп.,
4857,пельмени,
4858,4,
4859,5,
4860,сверло,
4861,3,
4862,домик,
4863,футболка,
4864,"1),футболка",
4865,япеченье,
4866,вода,
4867,водка,
4868,сыр,
4869,салфетки,
4870,[м],
4871,,
4872,мороженое,
4873,,
4874,подиумы,
4875,форма,
4876,напиток,
4877,слайм,
4878,уголок,
4879,фильтры,
4880,табак,
4881,соединитель,
4882,сиг-ты,
4883,,
4884,сыр,
4885,9,
4886,вода,
4887,,
4888,1,
4889,кольцо,
4890,коробка,
4891,1.коробка,
4892,,
4893,[m],
4894,мойка,
4895,пропитка,
4896,цитрамон,
4897,обложка,
4898,ароматизатор,
4899,сумка,
4900,бумажплаточки,
4901,ак,
4902,,
4903,семечки,
4904,,
4905,ботинки,
4906,1,
4907,,
4908,мясо,
4909,сельдь,
4910,"1),футболка",
4911,йогурт,
4912,фильтр,
4913,кубарус,
4914,перец,
4915,муфта,
4916,гель,
4917,розетка,
4918,,
4919,карамель,
4920,набор,
4921,пирожное,
4922,,
4923,удлинитель,
4924,штуцер,
4925,футболка,
4926,ремень,
4927,опрыскиватель,
4928,,
4929,,
4930,,
4931,коробка,
4932,зефир,
4933,саморез,
4934,,
4935,сыр,
4936,пакеты,
4937,футболка,
4938,черносмородиновый,
4939,холос,
4940,подсолнух,
4941,чип,
4942,,
4943,водка,
4944,саморез,
4945,к,
4946,кольцо,
4947,майонез,
4948,переходник,
4949,стойкая,
4950,колготки,
4951,ананасы,
4952,,
4953,фильтр,
4954,суг,
4955,блесна,
4956,рис,
4957,футболка,
4958,вода,
4959,клей,
4960,аэрозоль,
4961,dan.творог,
4962,контейнер,
4963,,
4964,6,
4965,наклейки,
4966,зажигалка,
4967,тон,
4968,си,
4969,,
4970,шапка,
4971,перекись,
4972,,
4973,блокнот,
4974,,
4975,,
4976,,
4977,шоколад,
4978,,
4979,"пальто,",
4980,1,
4981,масло,
4982,рубашка,
4983,печенье,
4984,фреза,
4985,лампочка,
4986,жев,
4987,аквалор,
4988,крем-гель,
4989,штопор,
4990,футболка/фуфайка,
4991,монж,
4992,сметана,
4993,средство,
4994,материнская,
4995,рамка,
4996,,
4997,наконечники,
4998,шоколад,
4999,опора,
